Unnamed:,address,angel_number
0,https://numerologynation.com/13-angel-number/,13
1,https://numerologynation.com/angel-number-0/,0
2,https://numerologynation.com/angel-number-1/,1
3,https://numerologynation.com/angel-number-10/,10
4,https://numerologynation.com/angel-number-100/,100
5,https://numerologynation.com/angel-number-1000/,1000
6,https://numerologynation.com/angel-number-1001/,1001
7,https://numerologynation.com/angel-number-1002/,1002
8,https://numerologynation.com/angel-number-1003/,1003
9,https://numerologynation.com/angel-number-1004/,1004
10,https://numerologynation.com/angel-number-1007/,1007
11,https://numerologynation.com/angel-number-1009/,1009
12,https://numerologynation.com/angel-number-101/,101
13,https://numerologynation.com/angel-number-1010/,1010
14,https://numerologynation.com/angel-number-1011/,1011
15,https://numerologynation.com/angel-number-1012/,1012
16,https://numerologynation.com/angel-number-1013/,1013
17,https://numerologynation.com/angel-number-1014/,1014
18,https://numerologynation.com/angel-number-1015/,1015
19,https://numerologynation.com/angel-number-1016/,1016
20,https://numerologynation.com/angel-number-1017/,1017
21,https://numerologynation.com/angel-number-1018/,1018
22,https://numerologynation.com/angel-number-102/,102
23,https://numerologynation.com/angel-number-1020/,1020
24,https://numerologynation.com/angel-number-1021/,1021
25,https://numerologynation.com/angel-number-1022/,1022
26,https://numerologynation.com/angel-number-1023/,1023
27,https://numerologynation.com/angel-number-1024/,1024
28,https://numerologynation.com/angel-number-1025/,1025
29,https://numerologynation.com/angel-number-1026/,1026
30,https://numerologynation.com/angel-number-1028/,1028
31,https://numerologynation.com/angel-number-1029/,1029
32,https://numerologynation.com/angel-number-103/,103
33,https://numerologynation.com/angel-number-1030/,1030
34,https://numerologynation.com/angel-number-1033/,1033
35,https://numerologynation.com/angel-number-1034/,1034
36,https://numerologynation.com/angel-number-1037/,1037
37,https://numerologynation.com/angel-number-104/,104
38,https://numerologynation.com/angel-number-1041/,1041
39,https://numerologynation.com/angel-number-1043/,1043
40,https://numerologynation.com/angel-number-1044/,1044
41,https://numerologynation.com/angel-number-1045/,1045
42,https://numerologynation.com/angel-number-1046/,1046
43,https://numerologynation.com/angel-number-1047/,1047
44,https://numerologynation.com/angel-number-105/,105
45,https://numerologynation.com/angel-number-1050/,1050
46,https://numerologynation.com/angel-number-1051/,1051
47,https://numerologynation.com/angel-number-1054/,1054
48,https://numerologynation.com/angel-number-1055/,1055
49,https://numerologynation.com/angel-number-106/,106
50,https://numerologynation.com/angel-number-107/,107
51,https://numerologynation.com/angel-number-108/,108
52,https://numerologynation.com/angel-number-109/,109
53,https://numerologynation.com/angel-number-11/,11
54,https://numerologynation.com/angel-number-110/,110
55,https://numerologynation.com/angel-number-1100/,1100
56,https://numerologynation.com/angel-number-1101/,1101
57,https://numerologynation.com/angel-number-1102/,1102
58,https://numerologynation.com/angel-number-1104/,1104
59,https://numerologynation.com/angel-number-1105/,1105
60,https://numerologynation.com/angel-number-1108/,1108
61,https://numerologynation.com/angel-number-1109/,1109
62,https://numerologynation.com/angel-number-111/,111
63,https://numerologynation.com/angel-number-1110/,1110
64,https://numerologynation.com/angel-number-1111/,1111
65,https://numerologynation.com/angel-number-11111/,11111
66,https://numerologynation.com/angel-number-1112/,1112
67,https://numerologynation.com/angel-number-1113/,1113
68,https://numerologynation.com/angel-number-1114/,1114
69,https://numerologynation.com/angel-number-1115/,1115
70,https://numerologynation.com/angel-number-1116/,1116
71,https://numerologynation.com/angel-number-1117/,1117
72,https://numerologynation.com/angel-number-1119/,1119
73,https://numerologynation.com/angel-number-112/,112
74,https://numerologynation.com/angel-number-1120/,1120
75,https://numerologynation.com/angel-number-1121/,1121
76,https://numerologynation.com/angel-number-1122/,1122
77,https://numerologynation.com/angel-number-1123/,1123
78,https://numerologynation.com/angel-number-1125/,1125
79,https://numerologynation.com/angel-number-1127/,1127
80,https://numerologynation.com/angel-number-1128/,1128
81,https://numerologynation.com/angel-number-113/,113
82,https://numerologynation.com/angel-number-1131/,1131
83,https://numerologynation.com/angel-number-1135/,1135
84,https://numerologynation.com/angel-number-1137/,1137
85,https://numerologynation.com/angel-number-1138/,1138
86,https://numerologynation.com/angel-number-1139/,1139
87,https://numerologynation.com/angel-number-114/,114
88,https://numerologynation.com/angel-number-1141/,1141
89,https://numerologynation.com/angel-number-1144/,1144
90,https://numerologynation.com/angel-number-1145/,1145
91,https://numerologynation.com/angel-number-1146/,1146
92,https://numerologynation.com/angel-number-1147/,1147
93,https://numerologynation.com/angel-number-1148/,1148
94,https://numerologynation.com/angel-number-1149/,1149
95,https://numerologynation.com/angel-number-115/,115
96,https://numerologynation.com/angel-number-1151/,1151
97,https://numerologynation.com/angel-number-1152/,1152
98,https://numerologynation.com/angel-number-1155/,1155
99,https://numerologynation.com/angel-number-116/,116
100,https://numerologynation.com/angel-number-1166/,1166
101,https://numerologynation.com/angel-number-117/,117
102,https://numerologynation.com/angel-number-118/,118
103,https://numerologynation.com/angel-number-1188/,1188
104,https://numerologynation.com/angel-number-119/,119
105,https://numerologynation.com/angel-number-1199/,1199
106,https://numerologynation.com/angel-number-12/,12
107,https://numerologynation.com/angel-number-120/,120
108,https://numerologynation.com/angel-number-1200/,1200
109,https://numerologynation.com/angel-number-1202/,1202
110,https://numerologynation.com/angel-number-1203/,1203
111,https://numerologynation.com/angel-number-1205/,1205
112,https://numerologynation.com/angel-number-1206/,1206
113,https://numerologynation.com/angel-number-1207/,1207
114,https://numerologynation.com/angel-number-1208/,1208
115,https://numerologynation.com/angel-number-121/,121
116,https://numerologynation.com/angel-number-1211/,1211
117,https://numerologynation.com/angel-number-1212/,1212
118,https://numerologynation.com/angel-number-1213/,1213
119,https://numerologynation.com/angel-number-1214/,1214
120,https://numerologynation.com/angel-number-1215/,1215
121,https://numerologynation.com/angel-number-1216/,1216
122,https://numerologynation.com/angel-number-1217/,1217
123,https://numerologynation.com/angel-number-1218/,1218
124,https://numerologynation.com/angel-number-122/,122
125,https://numerologynation.com/angel-number-1220/,1220
126,https://numerologynation.com/angel-number-1221/,1221
127,https://numerologynation.com/angel-number-1222/,1222
128,https://numerologynation.com/angel-number-1223/,1223
129,https://numerologynation.com/angel-number-1224/,1224
130,https://numerologynation.com/angel-number-1225/,1225
131,https://numerologynation.com/angel-number-1226/,1226
132,https://numerologynation.com/angel-number-1227/,1227
133,https://numerologynation.com/angel-number-1228/,1228
134,https://numerologynation.com/angel-number-123/,123
135,https://numerologynation.com/angel-number-1232/,1232
136,https://numerologynation.com/angel-number-1233/,1233
137,https://numerologynation.com/angel-number-1234/,1234
138,https://numerologynation.com/angel-number-1236/,1236
139,https://numerologynation.com/angel-number-1237/,1237
140,https://numerologynation.com/angel-number-1238/,1238
141,https://numerologynation.com/angel-number-1239/,1239
142,https://numerologynation.com/angel-number-124/,124
143,https://numerologynation.com/angel-number-1241/,1241
144,https://numerologynation.com/angel-number-1242/,1242
145,https://numerologynation.com/angel-number-1243/,1243
146,https://numerologynation.com/angel-number-1244/,1244
147,https://numerologynation.com/angel-number-1245/,1245
148,https://numerologynation.com/angel-number-1247/,1247
149,https://numerologynation.com/angel-number-1248/,1248
150,https://numerologynation.com/angel-number-125/,125
151,https://numerologynation.com/angel-number-1251/,1251
152,https://numerologynation.com/angel-number-1255/,1255
153,https://numerologynation.com/angel-number-1256/,1256
154,https://numerologynation.com/angel-number-126/,126
155,https://numerologynation.com/angel-number-127/,127
156,https://numerologynation.com/angel-number-128/,128
157,https://numerologynation.com/angel-number-129/,129
158,https://numerologynation.com/angel-number-130/,130
159,https://numerologynation.com/angel-number-131/,131
160,https://numerologynation.com/angel-number-1313/,1313
161,https://numerologynation.com/angel-number-132/,132
162,https://numerologynation.com/angel-number-133/,133
163,https://numerologynation.com/angel-number-1333/,1333
164,https://numerologynation.com/angel-number-134/,134
165,https://numerologynation.com/angel-number-135/,135
166,https://numerologynation.com/angel-number-136/,136
167,https://numerologynation.com/angel-number-137/,137
168,https://numerologynation.com/angel-number-138/,138
169,https://numerologynation.com/angel-number-139/,139
170,https://numerologynation.com/angel-number-14/,14
171,https://numerologynation.com/angel-number-140/,140
172,https://numerologynation.com/angel-number-141/,141
173,https://numerologynation.com/angel-number-1414/,1414
174,https://numerologynation.com/angel-number-142/,142
175,https://numerologynation.com/angel-number-143/,143
176,https://numerologynation.com/angel-number-144/,144
177,https://numerologynation.com/angel-number-1441/,1441
178,https://numerologynation.com/angel-number-1444/,1444
179,https://numerologynation.com/angel-number-145/,145
180,https://numerologynation.com/angel-number-146/,146
181,https://numerologynation.com/angel-number-147/,147
182,https://numerologynation.com/angel-number-149/,149
183,https://numerologynation.com/angel-number-15/,15
184,https://numerologynation.com/angel-number-150/,150
185,https://numerologynation.com/angel-number-151/,151
186,https://numerologynation.com/angel-number-1515/,1515
187,https://numerologynation.com/angel-number-152/,152
188,https://numerologynation.com/angel-number-153/,153
189,https://numerologynation.com/angel-number-154/,154
190,https://numerologynation.com/angel-number-155/,155
191,https://numerologynation.com/angel-number-1551/,1551
192,https://numerologynation.com/angel-number-156/,156
193,https://numerologynation.com/angel-number-157/,157
194,https://numerologynation.com/angel-number-158/,158
195,https://numerologynation.com/angel-number-159/,159
196,https://numerologynation.com/angel-number-16/,16
197,https://numerologynation.com/angel-number-161/,161
198,https://numerologynation.com/angel-number-1616/,1616
199,https://numerologynation.com/angel-number-166/,166
200,https://numerologynation.com/angel-number-17/,17
201,https://numerologynation.com/angel-number-171/,171
202,https://numerologynation.com/angel-number-1717/,1717
203,https://numerologynation.com/angel-number-177/,177
204,https://numerologynation.com/angel-number-1771/,1771
205,https://numerologynation.com/angel-number-1777/,1777
206,https://numerologynation.com/angel-number-18/,18
207,https://numerologynation.com/angel-number-1818/,1818
208,https://numerologynation.com/angel-number-188/,188
209,https://numerologynation.com/angel-number-19/,19
210,https://numerologynation.com/angel-number-1919/,1919
211,https://numerologynation.com/angel-number-2/,2
212,https://numerologynation.com/angel-number-20/,20
213,https://numerologynation.com/angel-number-200/,200
214,https://numerologynation.com/angel-number-2002/,2002
215,https://numerologynation.com/angel-number-201/,201
216,https://numerologynation.com/angel-number-202/,202
217,https://numerologynation.com/angel-number-2020/,2020
218,https://numerologynation.com/angel-number-203/,203
219,https://numerologynation.com/angel-number-204/,204
220,https://numerologynation.com/angel-number-205/,205
221,https://numerologynation.com/angel-number-206/,206
222,https://numerologynation.com/angel-number-207/,207
223,https://numerologynation.com/angel-number-208/,208
224,https://numerologynation.com/angel-number-21/,21
225,https://numerologynation.com/angel-number-210/,210
226,https://numerologynation.com/angel-number-211/,211
227,https://numerologynation.com/angel-number-2111/,2111
228,https://numerologynation.com/angel-number-2112/,2112
229,https://numerologynation.com/angel-number-212/,212
230,https://numerologynation.com/angel-number-2121/,2121
231,https://numerologynation.com/angel-number-213/,213
232,https://numerologynation.com/angel-number-214/,214
233,https://numerologynation.com/angel-number-215/,215
234,https://numerologynation.com/angel-number-216/,216
235,https://numerologynation.com/angel-number-217/,217
236,https://numerologynation.com/angel-number-218/,218
237,https://numerologynation.com/angel-number-219/,219
238,https://numerologynation.com/angel-number-22/,22
239,https://numerologynation.com/angel-number-220/,220
240,https://numerologynation.com/angel-number-221/,221
241,https://numerologynation.com/angel-number-2211/,2211
242,https://numerologynation.com/angel-number-222/,222
243,https://numerologynation.com/angel-number-2222/,2222
244,https://numerologynation.com/angel-number-22222/,22222
245,https://numerologynation.com/angel-number-2223/,2223
246,https://numerologynation.com/angel-number-223/,223
247,https://numerologynation.com/angel-number-2233/,2233
248,https://numerologynation.com/angel-number-224/,224
249,https://numerologynation.com/angel-number-2244/,2244
250,https://numerologynation.com/angel-number-225/,225
251,https://numerologynation.com/angel-number-226/,226
252,https://numerologynation.com/angel-number-227/,227
253,https://numerologynation.com/angel-number-228/,228
254,https://numerologynation.com/angel-number-2288/,2288
255,https://numerologynation.com/angel-number-229/,229
256,https://numerologynation.com/angel-number-23/,23
257,https://numerologynation.com/angel-number-230/,230
258,https://numerologynation.com/angel-number-231/,231
259,https://numerologynation.com/angel-number-232/,232
260,https://numerologynation.com/angel-number-2323/,2323
261,https://numerologynation.com/angel-number-233/,233
262,https://numerologynation.com/angel-number-2332/,2332
263,https://numerologynation.com/angel-number-2333/,2333
264,https://numerologynation.com/angel-number-234/,234
265,https://numerologynation.com/angel-number-235/,235
266,https://numerologynation.com/angel-number-236/,236
267,https://numerologynation.com/angel-number-237/,237
268,https://numerologynation.com/angel-number-238/,238
269,https://numerologynation.com/angel-number-239/,239
270,https://numerologynation.com/angel-number-24/,24
271,https://numerologynation.com/angel-number-240/,240
272,https://numerologynation.com/angel-number-241/,241
273,https://numerologynation.com/angel-number-242/,242
274,https://numerologynation.com/angel-number-2424/,2424
275,https://numerologynation.com/angel-number-243/,243
276,https://numerologynation.com/angel-number-244/,244
277,https://numerologynation.com/angel-number-245/,245
278,https://numerologynation.com/angel-number-246/,246
279,https://numerologynation.com/angel-number-247/,247
280,https://numerologynation.com/angel-number-248/,248
281,https://numerologynation.com/angel-number-249/,249
282,https://numerologynation.com/angel-number-25/,25
283,https://numerologynation.com/angel-number-252/,252
284,https://numerologynation.com/angel-number-2525/,2525
285,https://numerologynation.com/angel-number-253/,253
286,https://numerologynation.com/angel-number-254/,254
287,https://numerologynation.com/angel-number-255/,255
288,https://numerologynation.com/angel-number-2552/,2552
289,https://numerologynation.com/angel-number-256/,256
290,https://numerologynation.com/angel-number-257/,257
291,https://numerologynation.com/angel-number-259/,259
292,https://numerologynation.com/angel-number-26/,26
293,https://numerologynation.com/angel-number-262/,262
294,https://numerologynation.com/angel-number-2626/,2626
295,https://numerologynation.com/angel-number-266/,266
296,https://numerologynation.com/angel-number-27/,27
297,https://numerologynation.com/angel-number-2727/,2727
298,https://numerologynation.com/angel-number-28/,28
299,https://numerologynation.com/angel-number-2828/,2828
300,https://numerologynation.com/angel-number-29/,29
301,https://numerologynation.com/angel-number-2929/,2929
302,https://numerologynation.com/angel-number-3/,3
303,https://numerologynation.com/angel-number-30/,30
304,https://numerologynation.com/angel-number-300/,300
305,https://numerologynation.com/angel-number-301/,301
306,https://numerologynation.com/angel-number-302/,302
307,https://numerologynation.com/angel-number-303/,303
308,https://numerologynation.com/angel-number-3030/,3030
309,https://numerologynation.com/angel-number-304/,304
310,https://numerologynation.com/angel-number-305/,305
311,https://numerologynation.com/angel-number-306/,306
312,https://numerologynation.com/angel-number-307/,307
313,https://numerologynation.com/angel-number-309/,309
314,https://numerologynation.com/angel-number-31/,31
315,https://numerologynation.com/angel-number-310/,310
316,https://numerologynation.com/angel-number-311/,311
317,https://numerologynation.com/angel-number-312/,312
318,https://numerologynation.com/angel-number-313/,313
319,https://numerologynation.com/angel-number-3131/,3131
320,https://numerologynation.com/angel-number-314/,314
321,https://numerologynation.com/angel-number-315/,315
322,https://numerologynation.com/angel-number-316/,316
323,https://numerologynation.com/angel-number-317/,317
324,https://numerologynation.com/angel-number-318/,318
325,https://numerologynation.com/angel-number-319/,319
326,https://numerologynation.com/angel-number-32/,32
327,https://numerologynation.com/angel-number-320/,320
328,https://numerologynation.com/angel-number-321/,321
329,https://numerologynation.com/angel-number-322/,322
330,https://numerologynation.com/angel-number-323/,323
331,https://numerologynation.com/angel-number-3232/,3232
332,https://numerologynation.com/angel-number-324/,324
333,https://numerologynation.com/angel-number-325/,325
334,https://numerologynation.com/angel-number-326/,326
335,https://numerologynation.com/angel-number-327/,327
336,https://numerologynation.com/angel-number-328/,328
337,https://numerologynation.com/angel-number-329/,329
338,https://numerologynation.com/angel-number-33/,33
339,https://numerologynation.com/angel-number-330/,330
340,https://numerologynation.com/angel-number-331/,331
341,https://numerologynation.com/angel-number-332/,332
342,https://numerologynation.com/angel-number-333/,333
343,https://numerologynation.com/angel-number-3333/,3333
344,https://numerologynation.com/angel-number-33333/,33333
345,https://numerologynation.com/angel-number-334/,334
346,https://numerologynation.com/angel-number-3344/,3344
347,https://numerologynation.com/angel-number-335/,335
348,https://numerologynation.com/angel-number-336/,336
349,https://numerologynation.com/angel-number-337/,337
350,https://numerologynation.com/angel-number-338/,338
351,https://numerologynation.com/angel-number-339/,339
352,https://numerologynation.com/angel-number-34/,34
353,https://numerologynation.com/angel-number-341/,341
354,https://numerologynation.com/angel-number-342/,342
355,https://numerologynation.com/angel-number-343/,343
356,https://numerologynation.com/angel-number-3434/,3434
357,https://numerologynation.com/angel-number-344/,344
358,https://numerologynation.com/angel-number-345/,345
359,https://numerologynation.com/angel-number-346/,346
360,https://numerologynation.com/angel-number-347/,347
361,https://numerologynation.com/angel-number-348/,348
362,https://numerologynation.com/angel-number-35/,35
363,https://numerologynation.com/angel-number-350/,350
364,https://numerologynation.com/angel-number-353/,353
365,https://numerologynation.com/angel-number-3535/,3535
366,https://numerologynation.com/angel-number-354/,354
367,https://numerologynation.com/angel-number-355/,355
368,https://numerologynation.com/angel-number-3553/,3553
369,https://numerologynation.com/angel-number-356/,356
370,https://numerologynation.com/angel-number-357/,357
371,https://numerologynation.com/angel-number-358/,358
372,https://numerologynation.com/angel-number-359/,359
373,https://numerologynation.com/angel-number-36/,36
374,https://numerologynation.com/angel-number-363/,363
375,https://numerologynation.com/angel-number-3636/,3636
376,https://numerologynation.com/angel-number-369/,369
377,https://numerologynation.com/angel-number-37/,37
378,https://numerologynation.com/angel-number-373/,373
379,https://numerologynation.com/angel-number-3737/,3737
380,https://numerologynation.com/angel-number-3773/,3773
381,https://numerologynation.com/angel-number-38/,38
382,https://numerologynation.com/angel-number-3838/,3838
383,https://numerologynation.com/angel-number-39/,39
384,https://numerologynation.com/angel-number-393/,393
385,https://numerologynation.com/angel-number-3939/,3939
386,https://numerologynation.com/angel-number-3993/,3993
387,https://numerologynation.com/angel-number-4/,4
388,https://numerologynation.com/angel-number-40/,40
389,https://numerologynation.com/angel-number-400/,400
390,https://numerologynation.com/angel-number-404/,404
391,https://numerologynation.com/angel-number-4040/,4040
392,https://numerologynation.com/angel-number-405/,405
393,https://numerologynation.com/angel-number-406/,406
394,https://numerologynation.com/angel-number-407/,407
395,https://numerologynation.com/angel-number-41/,41
396,https://numerologynation.com/angel-number-411/,411
397,https://numerologynation.com/angel-number-4114/,4114
398,https://numerologynation.com/angel-number-412/,412
399,https://numerologynation.com/angel-number-413/,413
400,https://numerologynation.com/angel-number-414/,414
401,https://numerologynation.com/angel-number-4141/,4141
402,https://numerologynation.com/angel-number-415/,415
403,https://numerologynation.com/angel-number-416/,416
404,https://numerologynation.com/angel-number-417/,417
405,https://numerologynation.com/angel-number-418/,418
406,https://numerologynation.com/angel-number-419/,419
407,https://numerologynation.com/angel-number-42/,42
408,https://numerologynation.com/angel-number-420/,420
409,https://numerologynation.com/angel-number-421/,421
410,https://numerologynation.com/angel-number-422/,422
411,https://numerologynation.com/angel-number-423/,423
412,https://numerologynation.com/angel-number-424/,424
413,https://numerologynation.com/angel-number-4242/,4242
414,https://numerologynation.com/angel-number-426/,426
415,https://numerologynation.com/angel-number-427/,427
416,https://numerologynation.com/angel-number-428/,428
417,https://numerologynation.com/angel-number-43/,43
418,https://numerologynation.com/angel-number-430/,430
419,https://numerologynation.com/angel-number-432/,432
420,https://numerologynation.com/angel-number-433/,433
421,https://numerologynation.com/angel-number-434/,434
422,https://numerologynation.com/angel-number-435/,435
423,https://numerologynation.com/angel-number-437/,437
424,https://numerologynation.com/angel-number-44/,44
425,https://numerologynation.com/angel-number-440/,440
426,https://numerologynation.com/angel-number-441/,441
427,https://numerologynation.com/angel-number-442/,442
428,https://numerologynation.com/angel-number-4422/,4422
429,https://numerologynation.com/angel-number-443/,443
430,https://numerologynation.com/angel-number-444/,444
431,https://numerologynation.com/angel-number-4444/,4444
432,https://numerologynation.com/angel-number-445/,445
433,https://numerologynation.com/angel-number-4455/,4455
434,https://numerologynation.com/angel-number-446/,446
435,https://numerologynation.com/angel-number-4466/,4466
436,https://numerologynation.com/angel-number-447/,447
437,https://numerologynation.com/angel-number-448/,448
438,https://numerologynation.com/angel-number-449/,449
439,https://numerologynation.com/angel-number-45/,45
440,https://numerologynation.com/angel-number-454/,454
441,https://numerologynation.com/angel-number-4545/,4545
442,https://numerologynation.com/angel-number-455/,455
443,https://numerologynation.com/angel-number-456/,456
444,https://numerologynation.com/angel-number-459/,459
445,https://numerologynation.com/angel-number-46/,46
446,https://numerologynation.com/angel-number-464/,464
447,https://numerologynation.com/angel-number-4646/,4646
448,https://numerologynation.com/angel-number-47/,47
449,https://numerologynation.com/angel-number-474/,474
450,https://numerologynation.com/angel-number-4747/,4747
451,https://numerologynation.com/angel-number-48/,48
452,https://numerologynation.com/angel-number-484/,484
453,https://numerologynation.com/angel-number-4848/,4848
454,https://numerologynation.com/angel-number-49/,49
455,https://numerologynation.com/angel-number-494/,494
456,https://numerologynation.com/angel-number-4949/,4949
457,https://numerologynation.com/angel-number-5/,5
458,https://numerologynation.com/angel-number-50/,50
459,https://numerologynation.com/angel-number-500/,500
460,https://numerologynation.com/angel-number-501/,501
461,https://numerologynation.com/angel-number-504/,504
462,https://numerologynation.com/angel-number-5043/,5043
463,https://numerologynation.com/angel-number-505/,505
464,https://numerologynation.com/angel-number-5050/,5050
465,https://numerologynation.com/angel-number-506/,506
466,https://numerologynation.com/angel-number-507/,507
467,https://numerologynation.com/angel-number-51/,51
468,https://numerologynation.com/angel-number-510/,510
469,https://numerologynation.com/angel-number-511/,511
470,https://numerologynation.com/angel-number-5115/,5115
471,https://numerologynation.com/angel-number-512/,512
472,https://numerologynation.com/angel-number-513/,513
473,https://numerologynation.com/angel-number-515/,515
474,https://numerologynation.com/angel-number-5151/,5151
475,https://numerologynation.com/angel-number-517/,517
476,https://numerologynation.com/angel-number-518/,518
477,https://numerologynation.com/angel-number-519/,519
478,https://numerologynation.com/angel-number-52/,52
479,https://numerologynation.com/angel-number-520/,520
480,https://numerologynation.com/angel-number-5206/,5206
481,https://numerologynation.com/angel-number-521/,521
482,https://numerologynation.com/angel-number-522/,522
483,https://numerologynation.com/angel-number-525/,525
484,https://numerologynation.com/angel-number-526/,526
485,https://numerologynation.com/angel-number-527/,527
486,https://numerologynation.com/angel-number-53/,53
487,https://numerologynation.com/angel-number-531/,531
488,https://numerologynation.com/angel-number-533/,533
489,https://numerologynation.com/angel-number-534/,534
490,https://numerologynation.com/angel-number-535/,535
491,https://numerologynation.com/angel-number-5353/,5353
492,https://numerologynation.com/angel-number-537/,537
493,https://numerologynation.com/angel-number-538/,538
494,https://numerologynation.com/angel-number-54/,54
495,https://numerologynation.com/angel-number-543/,543
496,https://numerologynation.com/angel-number-544/,544
497,https://numerologynation.com/angel-number-545/,545
498,https://numerologynation.com/angel-number-5454/,5454
499,https://numerologynation.com/angel-number-546/,546
500,https://numerologynation.com/angel-number-547/,547
501,https://numerologynation.com/angel-number-55/,55
502,https://numerologynation.com/angel-number-550/,550
503,https://numerologynation.com/angel-number-551/,551
504,https://numerologynation.com/angel-number-552/,552
505,https://numerologynation.com/angel-number-5522/,5522
506,https://numerologynation.com/angel-number-553/,553
507,https://numerologynation.com/angel-number-5533/,5533
508,https://numerologynation.com/angel-number-554/,554
509,https://numerologynation.com/angel-number-555/,555
510,https://numerologynation.com/angel-number-5555/,5555
511,https://numerologynation.com/angel-number-556/,556
512,https://numerologynation.com/angel-number-557/,557
513,https://numerologynation.com/angel-number-558/,558
514,https://numerologynation.com/angel-number-559/,559
515,https://numerologynation.com/angel-number-56/,56
516,https://numerologynation.com/angel-number-565/,565
517,https://numerologynation.com/angel-number-5656/,5656
518,https://numerologynation.com/angel-number-567/,567
519,https://numerologynation.com/angel-number-57/,57
520,https://numerologynation.com/angel-number-5757/,5757
521,https://numerologynation.com/angel-number-58/,58
522,https://numerologynation.com/angel-number-5858/,5858
523,https://numerologynation.com/angel-number-59/,59
524,https://numerologynation.com/angel-number-6/,6
525,https://numerologynation.com/angel-number-60/,60
526,https://numerologynation.com/angel-number-600/,600
527,https://numerologynation.com/angel-number-603/,603
528,https://numerologynation.com/angel-number-606/,606
529,https://numerologynation.com/angel-number-6060/,6060
530,https://numerologynation.com/angel-number-608/,608
531,https://numerologynation.com/angel-number-609/,609
532,https://numerologynation.com/angel-number-610/,610
533,https://numerologynation.com/angel-number-611/,611
534,https://numerologynation.com/angel-number-612/,612
535,https://numerologynation.com/angel-number-613/,613
536,https://numerologynation.com/angel-number-614/,614
537,https://numerologynation.com/angel-number-615/,615
538,https://numerologynation.com/angel-number-616/,616
539,https://numerologynation.com/angel-number-6161/,6161
540,https://numerologynation.com/angel-number-617/,617
541,https://numerologynation.com/angel-number-618/,618
542,https://numerologynation.com/angel-number-619/,619
543,https://numerologynation.com/angel-number-62/,62
544,https://numerologynation.com/angel-number-620/,620
545,https://numerologynation.com/angel-number-621/,621
546,https://numerologynation.com/angel-number-622/,622
547,https://numerologynation.com/angel-number-623/,623
548,https://numerologynation.com/angel-number-624/,624
549,https://numerologynation.com/angel-number-626/,626
550,https://numerologynation.com/angel-number-6262/,6262
551,https://numerologynation.com/angel-number-627/,627
552,https://numerologynation.com/angel-number-628/,628
553,https://numerologynation.com/angel-number-629/,629
554,https://numerologynation.com/angel-number-63/,63
555,https://numerologynation.com/angel-number-630/,630
556,https://numerologynation.com/angel-number-633/,633
557,https://numerologynation.com/angel-number-634/,634
558,https://numerologynation.com/angel-number-636/,636
559,https://numerologynation.com/angel-number-638/,638
560,https://numerologynation.com/angel-number-639/,639
561,https://numerologynation.com/angel-number-64/,64
562,https://numerologynation.com/angel-number-640/,640
563,https://numerologynation.com/angel-number-644/,644
564,https://numerologynation.com/angel-number-646/,646
565,https://numerologynation.com/angel-number-649/,649
566,https://numerologynation.com/angel-number-65/,65
567,https://numerologynation.com/angel-number-650/,650
568,https://numerologynation.com/angel-number-654/,654
569,https://numerologynation.com/angel-number-655/,655
570,https://numerologynation.com/angel-number-656/,656
571,https://numerologynation.com/angel-number-6565/,6565
572,https://numerologynation.com/angel-number-657/,657
573,https://numerologynation.com/angel-number-658/,658
574,https://numerologynation.com/angel-number-659/,659
575,https://numerologynation.com/angel-number-66/,66
576,https://numerologynation.com/angel-number-666/,666
577,https://numerologynation.com/angel-number-6666/,6666
578,https://numerologynation.com/angel-number-6699/,6699
579,https://numerologynation.com/angel-number-67/,67
580,https://numerologynation.com/angel-number-676/,676
581,https://numerologynation.com/angel-number-678/,678
582,https://numerologynation.com/angel-number-68/,68
583,https://numerologynation.com/angel-number-686/,686
584,https://numerologynation.com/angel-number-6868/,6868
585,https://numerologynation.com/angel-number-69/,69
586,https://numerologynation.com/angel-number-696/,696
587,https://numerologynation.com/angel-number-7/,7
588,https://numerologynation.com/angel-number-70/,70
589,https://numerologynation.com/angel-number-700/,700
590,https://numerologynation.com/angel-number-701/,701
591,https://numerologynation.com/angel-number-707/,707
592,https://numerologynation.com/angel-number-708/,708
593,https://numerologynation.com/angel-number-71/,71
594,https://numerologynation.com/angel-number-710/,710
595,https://numerologynation.com/angel-number-711/,711
596,https://numerologynation.com/angel-number-712/,712
597,https://numerologynation.com/angel-number-713/,713
598,https://numerologynation.com/angel-number-714/,714
599,https://numerologynation.com/angel-number-715/,715
600,https://numerologynation.com/angel-number-716/,716
601,https://numerologynation.com/angel-number-717/,717
602,https://numerologynation.com/angel-number-7171/,7171
603,https://numerologynation.com/angel-number-718/,718
604,https://numerologynation.com/angel-number-719/,719
605,https://numerologynation.com/angel-number-72/,72
606,https://numerologynation.com/angel-number-720/,720
607,https://numerologynation.com/angel-number-721/,721
608,https://numerologynation.com/angel-number-722/,722
609,https://numerologynation.com/angel-number-723/,723
610,https://numerologynation.com/angel-number-724/,724
611,https://numerologynation.com/angel-number-726/,726
612,https://numerologynation.com/angel-number-727/,727
613,https://numerologynation.com/angel-number-7272/,7272
614,https://numerologynation.com/angel-number-729/,729
615,https://numerologynation.com/angel-number-73/,73
616,https://numerologynation.com/angel-number-730/,730
617,https://numerologynation.com/angel-number-732/,732
618,https://numerologynation.com/angel-number-733/,733
619,https://numerologynation.com/angel-number-734/,734
620,https://numerologynation.com/angel-number-737/,737
621,https://numerologynation.com/angel-number-738/,738
622,https://numerologynation.com/angel-number-739/,739
623,https://numerologynation.com/angel-number-74/,74
624,https://numerologynation.com/angel-number-741/,741
625,https://numerologynation.com/angel-number-742/,742
626,https://numerologynation.com/angel-number-743/,743
627,https://numerologynation.com/angel-number-744/,744
628,https://numerologynation.com/angel-number-745/,745
629,https://numerologynation.com/angel-number-747/,747
630,https://numerologynation.com/angel-number-7474/,7474
631,https://numerologynation.com/angel-number-7482/,7482
632,https://numerologynation.com/angel-number-75/,75
633,https://numerologynation.com/angel-number-754/,754
634,https://numerologynation.com/angel-number-755/,755
635,https://numerologynation.com/angel-number-756/,756
636,https://numerologynation.com/angel-number-757/,757
637,https://numerologynation.com/angel-number-7575/,7575
638,https://numerologynation.com/angel-number-76/,76
639,https://numerologynation.com/angel-number-767/,767
640,https://numerologynation.com/angel-number-77/,77
641,https://numerologynation.com/angel-number-7722/,7722
642,https://numerologynation.com/angel-number-777/,777
643,https://numerologynation.com/angel-number-7777/,7777
644,https://numerologynation.com/angel-number-77777/,77777
645,https://numerologynation.com/angel-number-78/,78
646,https://numerologynation.com/angel-number-787/,787
647,https://numerologynation.com/angel-number-7878/,7878
648,https://numerologynation.com/angel-number-79/,79
649,https://numerologynation.com/angel-number-7979/,7979
650,https://numerologynation.com/angel-number-8/,8
651,https://numerologynation.com/angel-number-80/,80
652,https://numerologynation.com/angel-number-800/,800
653,https://numerologynation.com/angel-number-801/,801
654,https://numerologynation.com/angel-number-802/,802
655,https://numerologynation.com/angel-number-803/,803
656,https://numerologynation.com/angel-number-806/,806
657,https://numerologynation.com/angel-number-807/,807
658,https://numerologynation.com/angel-number-808/,808
659,https://numerologynation.com/angel-number-8080/,8080
660,https://numerologynation.com/angel-number-809/,809
661,https://numerologynation.com/angel-number-81/,81
662,https://numerologynation.com/angel-number-810/,810
663,https://numerologynation.com/angel-number-811/,811
664,https://numerologynation.com/angel-number-812/,812
665,https://numerologynation.com/angel-number-813/,813
666,https://numerologynation.com/angel-number-814/,814
667,https://numerologynation.com/angel-number-815/,815
668,https://numerologynation.com/angel-number-816/,816
669,https://numerologynation.com/angel-number-817/,817
670,https://numerologynation.com/angel-number-818/,818
671,https://numerologynation.com/angel-number-8181/,8181
672,https://numerologynation.com/angel-number-82/,82
673,https://numerologynation.com/angel-number-820/,820
674,https://numerologynation.com/angel-number-821/,821
675,https://numerologynation.com/angel-number-822/,822
676,https://numerologynation.com/angel-number-823/,823
677,https://numerologynation.com/angel-number-824/,824
678,https://numerologynation.com/angel-number-825/,825
679,https://numerologynation.com/angel-number-826/,826
680,https://numerologynation.com/angel-number-827/,827
681,https://numerologynation.com/angel-number-828/,828
682,https://numerologynation.com/angel-number-829/,829
683,https://numerologynation.com/angel-number-83/,83
684,https://numerologynation.com/angel-number-830/,830
685,https://numerologynation.com/angel-number-831/,831
686,https://numerologynation.com/angel-number-832/,832
687,https://numerologynation.com/angel-number-833/,833
688,https://numerologynation.com/angel-number-834/,834
689,https://numerologynation.com/angel-number-835/,835
690,https://numerologynation.com/angel-number-837/,837
691,https://numerologynation.com/angel-number-838/,838
692,https://numerologynation.com/angel-number-8383/,8383
693,https://numerologynation.com/angel-number-84/,84
694,https://numerologynation.com/angel-number-840/,840
695,https://numerologynation.com/angel-number-8404/,8404
696,https://numerologynation.com/angel-number-841/,841
697,https://numerologynation.com/angel-number-843/,843
698,https://numerologynation.com/angel-number-844/,844
699,https://numerologynation.com/angel-number-845/,845
700,https://numerologynation.com/angel-number-846/,846
701,https://numerologynation.com/angel-number-847/,847
702,https://numerologynation.com/angel-number-848/,848
703,https://numerologynation.com/angel-number-8484/,8484
704,https://numerologynation.com/angel-number-849/,849
705,https://numerologynation.com/angel-number-85/,85
706,https://numerologynation.com/angel-number-850/,850
707,https://numerologynation.com/angel-number-851/,851
708,https://numerologynation.com/angel-number-853/,853
709,https://numerologynation.com/angel-number-854/,854
710,https://numerologynation.com/angel-number-855/,855
711,https://numerologynation.com/angel-number-856/,856
712,https://numerologynation.com/angel-number-857/,857
713,https://numerologynation.com/angel-number-858/,858
714,https://numerologynation.com/angel-number-859/,859
715,https://numerologynation.com/angel-number-86/,86
716,https://numerologynation.com/angel-number-868/,868
717,https://numerologynation.com/angel-number-8686/,8686
718,https://numerologynation.com/angel-number-87/,87
719,https://numerologynation.com/angel-number-878/,878
720,https://numerologynation.com/angel-number-88/,88
721,https://numerologynation.com/angel-number-888/,888
722,https://numerologynation.com/angel-number-8888/,8888
723,https://numerologynation.com/angel-number-889/,889
724,https://numerologynation.com/angel-number-89/,89
725,https://numerologynation.com/angel-number-898/,898
726,https://numerologynation.com/angel-number-9/,9
727,https://numerologynation.com/angel-number-90/,90
728,https://numerologynation.com/angel-number-900/,900
729,https://numerologynation.com/angel-number-901/,901
730,https://numerologynation.com/angel-number-902/,902
731,https://numerologynation.com/angel-number-903/,903
732,https://numerologynation.com/angel-number-905/,905
733,https://numerologynation.com/angel-number-906/,906
734,https://numerologynation.com/angel-number-908/,908
735,https://numerologynation.com/angel-number-909/,909
736,https://numerologynation.com/angel-number-91/,91
737,https://numerologynation.com/angel-number-910/,910
738,https://numerologynation.com/angel-number-911/,911
739,https://numerologynation.com/angel-number-912/,912
740,https://numerologynation.com/angel-number-913/,913
741,https://numerologynation.com/angel-number-914/,914
742,https://numerologynation.com/angel-number-915/,915
743,https://numerologynation.com/angel-number-916/,916
744,https://numerologynation.com/angel-number-917/,917
745,https://numerologynation.com/angel-number-918/,918
746,https://numerologynation.com/angel-number-919/,919
747,https://numerologynation.com/angel-number-9191/,9191
748,https://numerologynation.com/angel-number-92/,92
749,https://numerologynation.com/angel-number-920/,920
750,https://numerologynation.com/angel-number-921/,921
751,https://numerologynation.com/angel-number-922/,922
752,https://numerologynation.com/angel-number-923/,923
753,https://numerologynation.com/angel-number-924/,924
754,https://numerologynation.com/angel-number-925/,925
755,https://numerologynation.com/angel-number-926/,926
756,https://numerologynation.com/angel-number-927/,927
757,https://numerologynation.com/angel-number-928/,928
758,https://numerologynation.com/angel-number-929/,929
759,https://numerologynation.com/angel-number-93/,93
760,https://numerologynation.com/angel-number-930/,930
761,https://numerologynation.com/angel-number-931/,931
762,https://numerologynation.com/angel-number-932/,932
763,https://numerologynation.com/angel-number-933/,933
764,https://numerologynation.com/angel-number-934/,934
765,https://numerologynation.com/angel-number-936/,936
766,https://numerologynation.com/angel-number-937/,937
767,https://numerologynation.com/angel-number-938/,938
768,https://numerologynation.com/angel-number-939/,939
769,https://numerologynation.com/angel-number-94/,94
770,https://numerologynation.com/angel-number-941/,941
771,https://numerologynation.com/angel-number-942/,942
772,https://numerologynation.com/angel-number-943/,943
773,https://numerologynation.com/angel-number-944/,944
774,https://numerologynation.com/angel-number-945/,945
775,https://numerologynation.com/angel-number-946/,946
776,https://numerologynation.com/angel-number-947/,947
777,https://numerologynation.com/angel-number-948/,948
778,https://numerologynation.com/angel-number-949/,949
779,https://numerologynation.com/angel-number-9494/,9494
780,https://numerologynation.com/angel-number-95/,95
781,https://numerologynation.com/angel-number-950/,950
782,https://numerologynation.com/angel-number-951/,951
783,https://numerologynation.com/angel-number-952/,952
784,https://numerologynation.com/angel-number-953/,953
785,https://numerologynation.com/angel-number-954/,954
786,https://numerologynation.com/angel-number-955/,955
787,https://numerologynation.com/angel-number-956/,956
788,https://numerologynation.com/angel-number-958/,958
789,https://numerologynation.com/angel-number-959/,959
790,https://numerologynation.com/angel-number-96/,96
791,https://numerologynation.com/angel-number-97/,97
792,https://numerologynation.com/angel-number-979/,979
793,https://numerologynation.com/angel-number-9797/,9797
794,https://numerologynation.com/angel-number-98/,98
795,https://numerologynation.com/angel-number-989/,989
796,https://numerologynation.com/angel-number-9898/,9898
797,https://numerologynation.com/angel-number-99/,99
798,https://numerologynation.com/angel-number-999/,999
799,https://numerologynation.com/angel-number-9999/,9999
800,https://numerologynation.com/angel-number-181/,181
801,https://numerologynation.com/angel-number-191/,191
802,https://numerologynation.com/angel-number-575/,575
803,https://numerologynation.com/angel-number-585/,585
804,https://numerologynation.com/angel-number-6872/,6872
