,address,angel_number
0,https://takanta.com/1155-angel-number,1155
1,https://takanta.com/1222-angel-number,1222
2,https://takanta.com/234-angel-number,234
3,https://takanta.com/angel-number-66,66
4,https://takanta.com/606-angel-number-meaning,606
5,https://takanta.com/angel-number-911,911
6,https://takanta.com/77-angel-number,77
7,https://takanta.com/1144-angel-number,1144
8,https://takanta.com/1234-angel-number,1234
9,https://takanta.com/1133-angel-number,1133
10,https://takanta.com/angel-number-123,123
11,https://takanta.com/511-angel-number,511
12,https://takanta.com/1818-angel-number,1818
13,https://takanta.com/611-angel-number,611
14,https://takanta.com/1221-angel-number,1221
15,https://takanta.com/747-angel-number,747
16,https://takanta.com/angel-number-909,909
17,https://takanta.com/1515-angel-number,1515
18,https://takanta.com/101-angel-number,101
19,https://takanta.com/1313-angel-number,1313
20,https://takanta.com/505-angel-number,505
21,https://takanta.com/303-angel-number,303
22,https://takanta.com/angel-number-23,23
23,https://takanta.com/angel-number-22,22
24,https://takanta.com/1244-angel-number,1244
25,https://takanta.com/angel-number-707,707
26,https://takanta.com/919-angel-number,919
27,https://takanta.com/211-angel-number,211
28,https://takanta.com/angel-number-33,33
29,https://takanta.com/angel-number-44,44
30,https://takanta.com/414-angel-number,414
31,https://takanta.com/666-angel-number,666
32,https://takanta.com/2222-angel-number,2222
33,https://takanta.com/313-angel-number,313
34,https://takanta.com/311-angel-number,311
35,https://takanta.com/1212-angel-number,1212
36,https://takanta.com/711-angel-number,711
37,https://takanta.com/1122-angel-number,1122
38,https://takanta.com/angel-number-333,333
39,https://takanta.com/1010-angel-number-meaning,1010
40,https://takanta.com/2021-angel-number,2021
41,https://takanta.com/808-angel-number,808
42,https://takanta.com/5612-angel-number,5612
43,https://takanta.com/55-angel-number,55
44,https://takanta.com/811-angel-number,811
45,https://takanta.com/212-angel-number,212
46,https://takanta.com/404-angel-number,404
47,https://takanta.com/818-angel-number,818
