address,angel_number
https://willowsoul.com/blogs/numbers/3-reasons-why-you-are-seeing-12-12-the-meaning-of-1212,1212
https://willowsoul.com/blogs/numbers/3-reasons-why-you-are-seeing-12-34-the-meaning-of-1234,1234
https://willowsoul.com/blogs/numbers/3-reasons-why-you-are-seeing-222-the-meaning-of-222,222
https://willowsoul.com/blogs/numbers/3-reasons-why-you-are-seeing-666-the-meaning-of-666,666
https://willowsoul.com/blogs/numbers/3-reasons-why-you-are-seeing-777-the-meaning-of-777,777
https://willowsoul.com/blogs/numbers/4-reasons-why-you-are-seeing-10-10-the-meaning-of-1010,1010
https://willowsoul.com/blogs/numbers/4-reasons-why-you-are-seeing-333-the-meaning-of-333,333
https://willowsoul.com/blogs/numbers/4-reasons-why-you-are-seeing-555-the-meaning-of-555,555
https://willowsoul.com/blogs/numbers/4-reasons-why-you-are-seeing-711-the-meaning-of-7-11,711
https://willowsoul.com/blogs/numbers/4-reasons-why-you-are-seeing-888-the-meaning-of-888,888
https://willowsoul.com/blogs/numbers/5-reasons-why-you-are-seeing-000-the-meaning-of-000,0
https://willowsoul.com/blogs/numbers/5-reasons-why-you-are-seeing-11-11-the-meaning-of-1111,1111
https://willowsoul.com/blogs/numbers/5-reasons-why-you-are-seeing-4-44-the-meaning-of-444,444
https://willowsoul.com/blogs/numbers/5-reasons-why-you-are-seeing-999-the-meaning-of-999,999
https://willowsoul.com/blogs/numbers/7-reasons-why-you-are-seeing-411-the-meaning-of-4-11,411
https://willowsoul.com/blogs/numbers/7-reasons-why-you-are-seeing-911-the-meaning-of-9-11,911
https://willowsoul.com/blogs/numbers/reasons-why-you-are-seeing-1-11-the-meaning-of-111,111
https://willowsoul.com/blogs/numbers/reasons-why-you-are-seeing-11-22-the-meaning-of-1122,1122
https://willowsoul.com/blogs/numbers/reasons-why-you-keep-seeing-12-22-meaning-of-1222,1222
https://www.willowsoul.com/blogs/numbers/4-reasons-why-you-are-seeing-555-the-meaning-of-555,555
